<?xml version="1.0"?>
<!--<!DOCTYPE metadata SYSTEM "http://www.esri.com/metadata/esriprof80.dtd">-->
<metadata xml:lang="es"><Esri><MetaID>{D6E88499-A002-4822-9969-2C076A71F3EA}</MetaID><CreaDate>20110525</CreaDate><CreaTime>11590900</CreaTime><SyncOnce>TRUE</SyncOnce></Esri><idinfo><citation><citeinfo><onlink Sync="TRUE">\\antonio_window\G\ecosistemas\ecosistemas</onlink></citeinfo></citation></idinfo><distInfo><distributor><distorTran><onLineSrc><linkage Sync="TRUE">file://\\antonio_window\G\ecosistemas\ecosistemas</linkage><protocol Sync="TRUE">Local Area Network</protocol></onLineSrc></distorTran></distributor></distInfo><dataqual><lineage><procstep><procdesc Sync="TRUE">Dataset moved.</procdesc><srcused Sync="TRUE">G:\ecosistemas\ecosistemas\ecosistemas</srcused><procdate Sync="TRUE">20110525</procdate><proctime Sync="TRUE">11590900</proctime></procstep></lineage></dataqual></metadata>
